{
  "pixel_classifier_type": "OpenCVPixelClassifier",
  "metadata": {
    "inputPadding": 0,
    "inputResolution": {
      "pixelWidth": {
        "value": 0.72,
        "unit": "µm"
      },
      "pixelHeight": {
        "value": 0.72,
        "unit": "µm"
      },
      "zSpacing": {
        "value": 1.0,
        "unit": "z-slice"
      },
      "timeUnit": "SECONDS",
      "timepoints": []
    },
    "inputWidth": 512,
    "inputHeight": 512,
    "inputNumChannels": 3,
    "outputType": "CLASSIFICATION",
    "outputChannels": [],
    "classificationLabels": {
      "0": {
        "name": "Negative",
        "colorRGB": -9408287
      },
      "1": {
        "name": "Positive",
        "colorRGB": -377282
      }
    }
  },
  "op": {
    "type": "data.op.channels",
    "colorTransforms": [
      {
        "stains": {
          "name": "SFG-estimated",
          "stain1": {
            "r": 1.0,
            "g": 0.0,
            "b": 0.0,
            "name": "FastGreen",
            "isResidual": false
          },
          "stain2": {
            "r": 0.0939903739179488,
            "g": 0.4929719611696055,
            "b": 0.8649534410078712,
            "name": "SafraninO",
            "isResidual": false
          },
          "stain3": {
            "r": 0.6511112734772296,
            "g": 0.701191371426485,
            "b": 0.2904905681565334,
            "name": "Hematox",
            "isResidual": false
          },
          "maxRed": 243.0,
          "maxGreen": 207.0,
          "maxBlue": 215.0
        },
        "stainNumber": 1
      }
    ],
    "op": {
      "type": "op.core.sequential",
      "ops": [
        {
          "type": "op.filters.gaussian",
          "sigmaX": 0.1,
          "sigmaY": 0.1
        },
        {
          "type": "op.threshold.constant",
          "thresholds": [
            0.05
          ]
        }
      ]
    }
  }
}